query	significant	p_value	term_size	query_size	intersection_size	precision	recall	term_id	source	term_name	effective_domain_size	source_order	parents
query_1	TRUE	3.1349251750455106e-27	4624	1026	414	0.40350877192982454	0.08953287197231834	GO:0032502	GO:BP	developmental process	18812	7884	
query_1	TRUE	3.3633794274198984e-27	4314	1026	394	0.3840155945419103	0.09133055169216504	GO:0048856	GO:BP	anatomical structure development	18812	13525	
query_1	TRUE	5.424880467796171e-26	3357	1026	327	0.31871345029239767	0.09740840035746202	GO:0007275	GO:BP	multicellular organism development	18812	2835	
query_1	TRUE	6.429082258344694e-26	2142	1026	240	0.23391812865497075	0.11204481792717087	GO:0051239	GO:BP	regulation of multicellular organismal process	18812	14037	
query_1	TRUE	8.06203669547813e-25	2032	1026	229	0.22319688109161792	0.11269685039370078	GO:0065008	GO:BP	regulation of biological quality	18812	16385	
query_1	TRUE	5.1446174744060155e-24	2801	1026	283	0.27582846003898637	0.10103534451981436	GO:0048731	GO:BP	system development	18812	13413	
query_1	TRUE	6.74344146880251e-24	4736	1026	411	0.40058479532163743	0.0867820945945946	GO:0048518	GO:BP	positive regulation of biological process	18812	13226	
query_1	TRUE	2.149383917217855e-23	1777	1026	206	0.20077972709551656	0.11592571750140687	GO:0050793	GO:BP	regulation of developmental process	18812	13690	
query_1	TRUE	4.2194370139504195e-23	1144	1026	154	0.15009746588693956	0.1346153846153846	GO:0016477	GO:BP	cell migration	18812	5292	
query_1	TRUE	2.5634201760918324e-22	3710	1026	340	0.3313840155945419	0.09164420485175202	GO:0051234	GO:BP	establishment of localization	18812	14032	
query_1	TRUE	8.353162960538398e-22	4273	1026	375	0.3654970760233918	0.08776035572197519	GO:0051179	GO:BP	localization	18812	14002	
query_1	TRUE	1.329026126869088e-21	4330	1026	378	0.3684210526315789	0.08729792147806005	GO:0048522	GO:BP	positive regulation of cellular process	18812	13230	
query_1	TRUE	4.39024063545408e-21	1304	1026	163	0.15886939571150097	0.125	GO:0048870	GO:BP	cell motility	18812	13538	
query_1	TRUE	5.8746730193319235e-21	2539	1026	256	0.24951267056530213	0.10082709728239464	GO:0023051	GO:BP	regulation of signaling	18812	6876	
query_1	TRUE	9.96136369519139e-21	2534	1026	255	0.24853801169590642	0.10063141278610892	GO:0010646	GO:BP	regulation of cell communication	18812	4342	
query_1	TRUE	2.3567099131537712e-20	2132	1026	225	0.21929824561403508	0.10553470919324578	GO:0007166	GO:BP	cell surface receptor signaling pathway	18812	2761	
query_1	TRUE	6.746084539739678e-20	909	1026	127	0.12378167641325535	0.1397139713971397	GO:0040011	GO:BP	locomotion	18812	10240	
query_1	TRUE	8.823190117350691e-20	3451	1026	315	0.30701754385964913	0.09127789046653144	GO:0006810	GO:BP	transport	18812	2519	
query_1	TRUE	1.2669995701472008e-19	1031	1026	137	0.13352826510721247	0.13288069835111543	GO:0007155	GO:BP	cell adhesion	18812	2750	
query_1	TRUE	1.7562784135675983e-19	3048	1026	287	0.2797270955165692	0.09416010498687664	GO:0030154	GO:BP	cell differentiation	18812	6924	
query_1	TRUE	1.7562784135675983e-19	3048	1026	287	0.2797270955165692	0.09416010498687664	GO:0048869	GO:BP	cellular developmental process	18812	13537	
query_1	TRUE	1.4744517725004498e-18	538	1026	90	0.08771929824561403	0.16728624535315986	GO:0034330	GO:BP	cell junction organization	18812	8863	
query_1	TRUE	2.2268505049002478e-17	775	1026	110	0.10721247563352826	0.14193548387096774	GO:0040012	GO:BP	regulation of locomotion	18812	10241	
query_1	TRUE	1.6896221479309114e-16	1391	1026	159	0.15497076023391812	0.11430625449317038	GO:0032879	GO:BP	regulation of localization	18812	8155	
query_1	TRUE	4.0446785982144827e-16	703	1026	101	0.09844054580896686	0.14366998577524892	GO:0030334	GO:BP	regulation of cell migration	18812	7017	
query_1	TRUE	9.470144509875337e-16	745	1026	104	0.10136452241715399	0.1395973154362416	GO:2000145	GO:BP	regulation of cell motility	18812	26166	
query_1	TRUE	1.0207509431917268e-15	2899	1026	265	0.25828460038986356	0.09141083132114522	GO:0048583	GO:BP	regulation of response to stimulus	18812	13279	
query_1	TRUE	1.660469282076874e-15	1009	1026	126	0.12280701754385964	0.12487611496531219	GO:2000026	GO:BP	regulation of multicellular organismal development	18812	26054	
query_1	TRUE	1.6811364115970106e-15	1107	1026	134	0.13060428849902533	0.12104787714543812	GO:0007267	GO:BP	cell-cell signaling	18812	2828	
query_1	TRUE	3.440876481956145e-15	1768	1026	184	0.1793372319688109	0.10407239819004525	GO:0051128	GO:BP	regulation of cellular component organization	18812	13953	
query_1	TRUE	3.5280306645109115e-15	2058	1026	205	0.19980506822612085	0.09961127308066084	GO:0048468	GO:BP	cell development	18812	13194	
query_1	TRUE	5.3671191777177825e-14	11085	1026	731	0.7124756335282652	0.06594497068110058	GO:0065007	GO:BP	biological regulation	18812	16384	
query_1	TRUE	7.019161092457928e-14	1119	1026	131	0.1276803118908382	0.11706881143878463	GO:0045595	GO:BP	regulation of cell differentiation	18812	11842	
query_1	TRUE	7.311309234019387e-14	983	1026	120	0.11695906432748537	0.12207527975584945	GO:1901700	GO:BP	response to oxygen-containing compound	18812	22187	
query_1	TRUE	9.564529541290428e-14	7987	1026	565	0.550682261208577	0.07073995242268687	GO:0050896	GO:BP	response to stimulus	18812	13774	
query_1	TRUE	1.4977135037134131e-13	1917	1026	190	0.18518518518518517	0.099113197704747	GO:0070887	GO:BP	cellular response to chemical stimulus	18812	16854	
query_1	TRUE	2.2245273890424263e-13	2615	1026	238	0.23196881091617932	0.0910133843212237	GO:0051641	GO:BP	cellular localization	18812	14309	
query_1	TRUE	2.41121849157903e-13	1773	1026	179	0.17446393762183235	0.10095882684715173	GO:0010033	GO:BP	response to organic substance	18812	3883	
query_1	TRUE	8.842497617906533e-13	6560	1026	480	0.4678362573099415	0.07317073170731707	GO:0032501	GO:BP	multicellular organismal process	18812	7883	
query_1	TRUE	1.6223974662697674e-12	324	1026	58	0.056530214424951264	0.17901234567901234	GO:0050808	GO:BP	synapse organization	18812	13703	
query_1	TRUE	4.884101791357596e-12	6168	1026	454	0.442495126705653	0.07360570687418937	GO:0023052	GO:BP	signaling	18812	6877	
query_1	TRUE	5.161457596542839e-12	1914	1026	185	0.18031189083820662	0.09665621734587251	GO:0002376	GO:BP	immune system process	18812	913	
query_1	TRUE	5.840838414450997e-12	1340	1026	143	0.13937621832358674	0.10671641791044777	GO:0141124	GO:BP	intracellular signaling cassette	18812	20599	
query_1	TRUE	6.3373466252632736e-12	1408	1026	148	0.1442495126705653	0.10511363636363637	GO:0071310	GO:BP	cellular response to organic substance	18812	17066	
query_1	TRUE	6.41588160357312e-12	1043	1026	120	0.11695906432748537	0.11505273250239693	GO:0051049	GO:BP	regulation of transport	18812	13898	
query_1	TRUE	6.71004175915976e-12	1133	1026	127	0.12378167641325535	0.11209179170344219	GO:0002682	GO:BP	regulation of immune system process	18812	1207	
query_1	TRUE	9.80702728580887e-12	2012	1026	191	0.1861598440545809	0.09493041749502983	GO:0009653	GO:BP	anatomical structure morphogenesis	18812	3608	
query_1	TRUE	1.1151766289418862e-11	1663	1026	166	0.1617933723196881	0.09981960312687914	GO:0007399	GO:BP	nervous system development	18812	2932	
query_1	TRUE	1.1761168817407366e-11	582	1026	81	0.07894736842105263	0.13917525773195877	GO:0060284	GO:BP	regulation of cell development	18812	14966	
query_1	TRUE	1.6397155684495707e-11	2210	1026	204	0.19883040935672514	0.09230769230769231	GO:0009966	GO:BP	regulation of signal transduction	18812	3842	
query_1	TRUE	2.5438376948202352e-11	10777	1026	704	0.6861598440545809	0.06532430175373481	GO:0050789	GO:BP	regulation of biological process	18812	13687	
query_1	TRUE	2.6875602959584036e-11	2004	1026	189	0.18421052631578946	0.09431137724550898	GO:0035556	GO:BP	intracellular signal transduction	18812	9405	
query_1	TRUE	2.9084345295924202e-11	4210	1026	333	0.32456140350877194	0.07909738717339668	GO:0048519	GO:BP	negative regulation of biological process	18812	13227	
query_1	TRUE	3.3843216192456706e-11	2182	1026	201	0.195906432748538	0.0921173235563703	GO:0048513	GO:BP	animal organ development	18812	13223	
query_1	TRUE	3.951585692529744e-11	6255	1026	455	0.44346978557504874	0.07274180655475619	GO:0007154	GO:BP	cell communication	18812	2749	
query_1	TRUE	4.4685012054553646e-11	772	1026	96	0.0935672514619883	0.12435233160621761	GO:0001775	GO:BP	cell activation	18812	445	
query_1	TRUE	7.565442006704993e-11	1157	1026	126	0.12280701754385964	0.10890233362143474	GO:0016192	GO:BP	vesicle-mediated transport	18812	5229	
query_1	TRUE	7.658608909079494e-11	648	1026	85	0.08284600389863547	0.13117283950617284	GO:0098609	GO:BP	cell-cell adhesion	18812	19347	
query_1	TRUE	8.11205112835484e-11	1132	1026	124	0.12085769980506822	0.10954063604240283	GO:0051240	GO:BP	positive regulation of multicellular organismal process	18812	14038	
query_1	TRUE	1.465083739707903e-10	3968	1026	315	0.30701754385964913	0.0793850806451613	GO:0048523	GO:BP	negative regulation of cellular process	18812	13231	
query_1	TRUE	5.553963922485511e-10	6922	1026	488	0.4756335282651072	0.07049985553308293	GO:0051716	GO:BP	cellular response to stimulus	18812	14364	
query_1	TRUE	7.486259204027336e-10	10312	1026	673	0.6559454191033138	0.06526377036462373	GO:0050794	GO:BP	regulation of cellular process	18812	13691	
query_1	TRUE	8.327965385041946e-10	688	1026	86	0.08382066276803118	0.125	GO:0045321	GO:BP	leukocyte activation	18812	11749	
query_1	TRUE	1.7220681994017247e-9	465	1026	66	0.06432748538011696	0.14193548387096774	GO:0007268	GO:BP	chemical synaptic transmission	18812	2829	
query_1	TRUE	1.7220681994017247e-9	465	1026	66	0.06432748538011696	0.14193548387096774	GO:0098916	GO:BP	anterograde trans-synaptic signaling	18812	19499	
query_1	TRUE	1.8492292606367358e-9	488	1026	68	0.06627680311890838	0.13934426229508196	GO:0099536	GO:BP	synaptic signaling	18812	19666	
query_1	TRUE	2.3235052734589693e-9	468	1026	66	0.06432748538011696	0.14102564102564102	GO:0099537	GO:BP	trans-synaptic signaling	18812	19667	
query_1	TRUE	2.3402460182436024e-9	762	1026	91	0.08869395711500974	0.1194225721784777	GO:1901701	GO:BP	cellular response to oxygen-containing compound	18812	22188	
query_1	TRUE	3.2828790517303248e-9	657	1026	82	0.07992202729044834	0.1248097412480974	GO:0051093	GO:BP	negative regulation of developmental process	18812	13927	
query_1	TRUE	3.5354565153264125e-9	1892	1026	174	0.1695906432748538	0.0919661733615222	GO:0006796	GO:BP	phosphate-containing compound metabolic process	18812	2510	
query_1	TRUE	5.739219359692695e-9	1518	1026	147	0.14327485380116958	0.09683794466403162	GO:0009888	GO:BP	tissue development	18812	3786	
query_1	TRUE	9.482816909879646e-9	1914	1026	174	0.1695906432748538	0.09090909090909091	GO:0006793	GO:BP	phosphorus metabolic process	18812	2507	
query_1	TRUE	1.2590451194351396e-8	590	1026	75	0.07309941520467836	0.1271186440677966	GO:0022603	GO:BP	regulation of anatomical structure morphogenesis	18812	6848	
query_1	TRUE	1.317786353959123e-8	1285	1026	129	0.12573099415204678	0.10038910505836576	GO:0010647	GO:BP	positive regulation of cell communication	18812	4343	
query_1	TRUE	1.3855297634678275e-8	344	1026	53	0.05165692007797271	0.15406976744186046	GO:0001667	GO:BP	ameboidal-type cell migration	18812	383	
query_1	TRUE	1.4412328053797528e-8	1664	1026	156	0.15204678362573099	0.09375	GO:0048584	GO:BP	positive regulation of response to stimulus	18812	13280	
query_1	TRUE	1.5673721902485242e-8	569	1026	73	0.07115009746588694	0.1282952548330404	GO:0001944	GO:BP	vasculature development	18812	560	
query_1	TRUE	1.8195946205087544e-8	1291	1026	129	0.12573099415204678	0.09992254066615028	GO:0023056	GO:BP	positive regulation of signaling	18812	6878	
query_1	TRUE	2.098599340649691e-8	843	1026	95	0.09259259259259259	0.11269276393831554	GO:0072359	GO:BP	circulatory system development	18812	17886	
query_1	TRUE	3.16933676607604e-8	1724	1026	159	0.15497076023391812	0.09222737819025523	GO:0071702	GO:BP	organic substance transport	18812	17372	
query_1	TRUE	3.2064646955271776e-8	1869	1026	169	0.16471734892787523	0.09042268592830391	GO:0070727	GO:BP	cellular macromolecule localization	18812	16772	
query_1	TRUE	3.324592337186251e-8	578	1026	73	0.07115009746588694	0.12629757785467127	GO:0046649	GO:BP	lymphocyte activation	18812	12692	
query_1	TRUE	3.895663728861271e-8	2243	1026	194	0.18908382066276802	0.08649130628622381	GO:0033036	GO:BP	macromolecule localization	18812	8276	
query_1	TRUE	4.90959160371782e-8	559	1026	71	0.06920077972709551	0.12701252236135957	GO:0001817	GO:BP	regulation of cytokine production	18812	479	
query_1	TRUE	5.6070406323448215e-8	537	1026	69	0.06725146198830409	0.12849162011173185	GO:0001568	GO:BP	blood vessel development	18812	358	
query_1	TRUE	6.409265226491023e-8	733	1026	85	0.08284600389863547	0.11596180081855388	GO:0030097	GO:BP	hemopoiesis	18812	6912	
query_1	TRUE	6.536644988601074e-8	659	1026	79	0.0769980506822612	0.11987860394537178	GO:0035239	GO:BP	tube morphogenesis	18812	9225	
query_1	TRUE	6.537579829533746e-8	1357	1026	132	0.1286549707602339	0.09727339719970524	GO:0071705	GO:BP	nitrogen compound transport	18812	17375	
query_1	TRUE	6.833751155257384e-8	563	1026	71	0.06920077972709551	0.1261101243339254	GO:0001816	GO:BP	cytokine production	18812	478	
query_1	TRUE	6.833751155257384e-8	563	1026	71	0.06920077972709551	0.1261101243339254	GO:0030155	GO:BP	regulation of cell adhesion	18812	6925	
query_1	TRUE	7.65267786072855e-8	1277	1026	126	0.12280701754385964	0.09866875489428348	GO:0042592	GO:BP	homeostatic process	18812	10601	
query_1	TRUE	8.34244924476104e-8	1862	1026	167	0.1627680311890838	0.08968850698174007	GO:0008104	GO:BP	protein localization	18812	3157	
query_1	TRUE	8.435152152158879e-8	128	1026	29	0.028265107212475632	0.2265625	GO:0048167	GO:BP	regulation of synaptic plasticity	18812	12984	
query_1	TRUE	8.615984526897388e-8	775	1026	88	0.08576998050682261	0.1135483870967742	GO:0051241	GO:BP	negative regulation of multicellular organismal process	18812	14039	
query_1	TRUE	9.760258830045503e-8	1172	1026	118	0.11500974658869395	0.10068259385665529	GO:0045184	GO:BP	establishment of protein localization	18812	11702	
query_1	TRUE	1.077723729673417e-7	753	1026	86	0.08382066276803118	0.11420982735723771	GO:0044087	GO:BP	regulation of cellular component biogenesis	18812	11272	
query_1	TRUE	1.2380176736999928e-7	397	1026	56	0.05458089668615984	0.14105793450881612	GO:0030335	GO:BP	positive regulation of cell migration	18812	7018	
query_1	TRUE	1.3740318378682625e-7	489	1026	64	0.06237816764132553	0.130879345603272	GO:0045596	GO:BP	negative regulation of cell differentiation	18812	11843	
query_1	TRUE	1.3823839771074596e-7	782	1026	88	0.08576998050682261	0.11253196930946291	GO:0002684	GO:BP	positive regulation of immune system process	18812	1209	
query_1	TRUE	1.9054018605600206e-7	528	1026	67	0.06530214424951267	0.1268939393939394	GO:0030036	GO:BP	actin cytoskeleton organization	18812	6897	
query_1	TRUE	2.149221658524157e-7	1228	1026	121	0.11793372319688109	0.0985342019543974	GO:0022008	GO:BP	neurogenesis	18812	6799	
query_1	TRUE	2.630415744464057e-7	703	1026	81	0.07894736842105263	0.11522048364153627	GO:0000902	GO:BP	cell morphogenesis	18812	242	
query_1	TRUE	2.7203937682694694e-7	909	1026	97	0.09454191033138401	0.10671067106710672	GO:0006468	GO:BP	protein phosphorylation	18812	2231	
query_1	TRUE	2.833038894199776e-7	1429	1026	135	0.13157894736842105	0.09447165850244926	GO:0008283	GO:BP	cell population proliferation	18812	3185	
query_1	TRUE	3.5413071328886153e-7	465	1026	61	0.0594541910331384	0.13118279569892474	GO:0061061	GO:BP	muscle structure development	18812	15656	
query_1	TRUE	4.2459620573407256e-7	1104	1026	111	0.10818713450292397	0.10054347826086957	GO:0009719	GO:BP	response to endogenous stimulus	18812	3654	
query_1	TRUE	4.264528596916989e-7	1916	1026	168	0.16374269005847952	0.08768267223382047	GO:0009605	GO:BP	response to external stimulus	18812	3570	
query_1	TRUE	4.7372677717565717e-7	1147	1026	114	0.1111111111111111	0.0993897122929381	GO:0030030	GO:BP	cell projection organization	18812	6891	
query_1	TRUE	5.548672085587772e-7	424	1026	57	0.05555555555555555	0.13443396226415094	GO:0040017	GO:BP	positive regulation of locomotion	18812	10246	
query_1	TRUE	5.923141912618101e-7	1165	1026	115	0.11208576998050682	0.09871244635193133	GO:0042127	GO:BP	regulation of cell population proliferation	18812	10326	
query_1	TRUE	5.934221697476876e-7	314	1026	47	0.04580896686159844	0.14968152866242038	GO:0099177	GO:BP	regulation of trans-synaptic signaling	18812	19636	
query_1	TRUE	5.934221697476876e-7	314	1026	47	0.04580896686159844	0.14968152866242038	GO:0050804	GO:BP	modulation of chemical synaptic transmission	18812	13699	
query_1	TRUE	6.307174728931762e-7	414	1026	56	0.05458089668615984	0.13526570048309178	GO:2000147	GO:BP	positive regulation of cell motility	18812	26168	
query_1	TRUE	8.93032685661139e-7	1118	1026	111	0.10818713450292397	0.09928443649373882	GO:0016310	GO:BP	phosphorylation	18812	5261	
query_1	TRUE	1.056699759162531e-6	749	1026	83	0.08089668615984405	0.11081441922563418	GO:0007167	GO:BP	enzyme-linked receptor protein signaling pathway	18812	2762	
query_1	TRUE	1.1310593647500253e-6	320	1026	47	0.04580896686159844	0.146875	GO:0006935	GO:BP	chemotaxis	18812	2604	
query_1	TRUE	1.2256351278808522e-6	829	1026	89	0.08674463937621832	0.10735826296743065	GO:0035295	GO:BP	tube development	18812	9257	
query_1	TRUE	1.3374228622727114e-6	883	1026	93	0.09064327485380116	0.10532276330690826	GO:0048646	GO:BP	anatomical structure formation involved in morphogenesis	18812	13329	
query_1	TRUE	1.3609024610308607e-6	434	1026	57	0.05555555555555555	0.1313364055299539	GO:0050865	GO:BP	regulation of cell activation	18812	13748	
query_1	TRUE	1.3616466771824746e-6	469	1026	60	0.05847953216374269	0.1279317697228145	GO:0002252	GO:BP	immune effector process	18812	791	
query_1	TRUE	1.3730163292320708e-6	639	1026	74	0.07212475633528265	0.11580594679186229	GO:0046903	GO:BP	secretion	18812	12846	
query_1	TRUE	1.3962987922407432e-6	322	1026	47	0.04580896686159844	0.14596273291925466	GO:0042330	GO:BP	taxis	18812	10442	
query_1	TRUE	1.4138923486817854e-6	189	1026	34	0.03313840155945419	0.17989417989417988	GO:0010721	GO:BP	negative regulation of cell development	18812	4397	
query_1	TRUE	1.4485202089900812e-6	458	1026	59	0.057504873294346975	0.12882096069868995	GO:0048514	GO:BP	blood vessel morphogenesis	18812	13224	
query_1	TRUE	1.7499406325142633e-6	1131	1026	111	0.10818713450292397	0.09814323607427056	GO:0120036	GO:BP	plasma membrane bounded cell projection organization	18812	20035	
query_1	TRUE	1.7998987887408141e-6	668	1026	76	0.07407407407407407	0.11377245508982035	GO:0031175	GO:BP	neuron projection development	18812	7333	
query_1	TRUE	1.8160603861800038e-6	5797	1026	405	0.39473684210526316	0.06986372261514577	GO:0007165	GO:BP	signal transduction	18812	2760	
query_1	TRUE	1.8532309896404615e-6	2733	1026	219	0.2134502923976608	0.0801317233809001	GO:0009893	GO:BP	positive regulation of metabolic process	18812	3791	
query_1	TRUE	1.880320837476233e-6	2516	1026	205	0.19980506822612085	0.08147853736089031	GO:0010604	GO:BP	positive regulation of macromolecule metabolic process	18812	4301	
query_1	TRUE	1.9012050415613214e-6	473	1026	60	0.05847953216374269	0.12684989429175475	GO:0033993	GO:BP	response to lipid	18812	8654	
query_1	TRUE	2.1839303806449555e-6	1053	1026	105	0.1023391812865497	0.09971509971509972	GO:0023057	GO:BP	negative regulation of signaling	18812	6879	
query_1	TRUE	2.3091274413180867e-6	2049	1026	174	0.1695906432748538	0.0849194729136164	GO:0036211	GO:BP	protein modification process	18812	9821	
query_1	TRUE	2.3209274684724633e-6	394	1026	53	0.05165692007797271	0.13451776649746192	GO:0051046	GO:BP	regulation of secretion	18812	13895	
query_1	TRUE	2.334954169848101e-6	1248	1026	119	0.11598440545808966	0.0953525641025641	GO:0048585	GO:BP	negative regulation of response to stimulus	18812	13281	
query_1	TRUE	2.6463004938077738e-6	1153	1026	112	0.10916179337231968	0.0971379011274935	GO:0007010	GO:BP	cytoskeleton organization	18812	2653	
query_1	TRUE	2.773664415115886e-6	147	1026	29	0.028265107212475632	0.19727891156462585	GO:0006909	GO:BP	phagocytosis	18812	2588	
query_1	TRUE	3.369792215556059e-6	516	1026	63	0.06140350877192982	0.12209302325581395	GO:0000165	GO:BP	MAPK cascade	18812	56	
query_1	TRUE	3.6247106397774843e-6	1049	1026	104	0.10136452241715399	0.09914204003813155	GO:0010648	GO:BP	negative regulation of cell communication	18812	4344	
query_1	TRUE	3.7611283118638264e-6	1258	1026	119	0.11598440545808966	0.0945945945945946	GO:0006915	GO:BP	apoptotic process	18812	2593	
query_1	TRUE	3.7611283118638264e-6	1258	1026	119	0.11598440545808966	0.0945945945945946	GO:1902531	GO:BP	regulation of intracellular signal transduction	18812	22895	
query_1	TRUE	3.814887451172441e-6	446	1026	57	0.05555555555555555	0.12780269058295965	GO:0043408	GO:BP	regulation of MAPK cascade	18812	11031	
query_1	TRUE	4.224358396500816e-6	1317	1026	123	0.11988304093567251	0.09339407744874716	GO:0008219	GO:BP	cell death	18812	3180	
query_1	TRUE	4.224358396500816e-6	1317	1026	123	0.11988304093567251	0.09339407744874716	GO:0012501	GO:BP	programmed cell death	18812	4630	
query_1	TRUE	4.364161070422049e-6	401	1026	53	0.05165692007797271	0.13216957605985039	GO:0002694	GO:BP	regulation of leukocyte activation	18812	1219	
query_1	TRUE	5.537482717806344e-6	358	1026	49	0.04775828460038986	0.13687150837988826	GO:1903530	GO:BP	regulation of secretion by cell	18812	23669	
query_1	TRUE	5.564207498239222e-6	547	1026	65	0.06335282651072124	0.11882998171846434	GO:0032940	GO:BP	secretion by cell	18812	8206	
query_1	TRUE	8.058130584271776e-6	627	1026	71	0.06920077972709551	0.11323763955342903	GO:0098657	GO:BP	import into cell	18812	19355	
query_1	TRUE	9.448711870803987e-6	469	1026	58	0.056530214424951264	0.12366737739872068	GO:0006897	GO:BP	endocytosis	18812	2580	
query_1	TRUE	9.588395173909946e-6	1013	1026	100	0.09746588693957114	0.09871668311944719	GO:0071495	GO:BP	cellular response to endogenous stimulus	18812	17229	
query_1	TRUE	9.712941974457633e-6	592	1026	68	0.06627680311890838	0.11486486486486487	GO:0030029	GO:BP	actin filament-based process	18812	6890	
query_1	TRUE	1.084814549110307e-5	64	1026	18	0.017543859649122806	0.28125	GO:0099072	GO:BP	regulation of postsynaptic membrane neurotransmitter receptor levels	18812	19580	
query_1	TRUE	1.122050320942021e-5	2184	1026	180	0.17543859649122806	0.08241758241758242	GO:0051173	GO:BP	positive regulation of nitrogen compound metabolic process	18812	13997	
query_1	TRUE	1.1282338662012968e-5	343	1026	47	0.04580896686159844	0.13702623906705538	GO:0030099	GO:BP	myeloid cell differentiation	18812	6914	
query_1	TRUE	1.1607767923981224e-5	366	1026	49	0.04775828460038986	0.13387978142076504	GO:0002683	GO:BP	negative regulation of immune system process	18812	1208	
query_1	TRUE	1.194473190121733e-5	595	1026	68	0.06627680311890838	0.11428571428571428	GO:0140352	GO:BP	export from cell	18812	20313	
query_1	TRUE	1.2031055760946378e-5	355	1026	48	0.04678362573099415	0.1352112676056338	GO:0051249	GO:BP	regulation of lymphocyte activation	18812	14044	
query_1	TRUE	1.2482219798905212e-5	195	1026	33	0.03216374269005848	0.16923076923076924	GO:0002237	GO:BP	response to molecule of bacterial origin	18812	777	
query_1	TRUE	1.3209021854521843e-5	790	1026	83	0.08089668615984405	0.10506329113924051	GO:0048666	GO:BP	neuron development	18812	13349	
query_1	TRUE	1.504219999282954e-5	439	1026	55	0.05360623781676413	0.1252847380410023	GO:0048812	GO:BP	neuron projection morphogenesis	18812	13483	
query_1	TRUE	1.7745874035089547e-5	453	1026	56	0.05458089668615984	0.12362030905077263	GO:0120039	GO:BP	plasma membrane bounded cell projection morphogenesis	18812	20036	
query_1	TRUE	2.020249871078997e-5	959	1026	95	0.09259259259259259	0.09906152241918666	GO:0015031	GO:BP	protein transport	18812	4854	
query_1	TRUE	2.0565804717821e-5	654	1026	72	0.07017543859649122	0.11009174311926606	GO:0032880	GO:BP	regulation of protein localization	18812	8156	
query_1	TRUE	2.0773658223481484e-5	361	1026	48	0.04678362573099415	0.1329639889196676	GO:0070201	GO:BP	regulation of establishment of protein localization	18812	16478	
query_1	TRUE	2.184758851514693e-5	1268	1026	117	0.11403508771929824	0.09227129337539432	GO:0055085	GO:BP	transmembrane transport	18812	14701	
query_1	TRUE	2.2466917561901362e-5	456	1026	56	0.05458089668615984	0.12280701754385964	GO:0048858	GO:BP	cell projection morphogenesis	18812	13527	
query_1	TRUE	2.3182780917736732e-5	34	1026	13	0.012670565302144249	0.38235294117647056	GO:1903539	GO:BP	protein localization to postsynaptic membrane	18812	23678	
query_1	TRUE	2.3182780917736732e-5	34	1026	13	0.012670565302144249	0.38235294117647056	GO:0062237	GO:BP	protein localization to postsynapse	18812	16377	
query_1	TRUE	2.3361768893145868e-5	656	1026	72	0.07017543859649122	0.10975609756097561	GO:0008284	GO:BP	positive regulation of cell population proliferation	18812	3186	
query_1	TRUE	2.3917307214943865e-5	481	1026	58	0.056530214424951264	0.12058212058212059	GO:0002521	GO:BP	leukocyte differentiation	18812	1050	
query_1	TRUE	2.40063322753547e-5	1045	1026	101	0.09844054580896686	0.09665071770334928	GO:0043067	GO:BP	regulation of programmed cell death	18812	10863	
query_1	TRUE	2.6035656002684463e-5	274	1026	40	0.03898635477582846	0.145985401459854	GO:0042060	GO:BP	wound healing	18812	10290	
query_1	TRUE	2.63892159030103e-5	296	1026	42	0.04093567251461988	0.14189189189189189	GO:1903706	GO:BP	regulation of hemopoiesis	18812	23819	
query_1	TRUE	2.745096713227846e-5	253	1026	38	0.037037037037037035	0.15019762845849802	GO:0032956	GO:BP	regulation of actin cytoskeleton organization	18812	8220	
query_1	TRUE	2.7755101716259724e-5	232	1026	36	0.03508771929824561	0.15517241379310345	GO:1902105	GO:BP	regulation of leukocyte differentiation	18812	22559	
query_1	TRUE	2.8022862051072026e-5	1146	1026	108	0.10526315789473684	0.09424083769633508	GO:0009967	GO:BP	positive regulation of signal transduction	18812	3843	
query_1	TRUE	2.814495681508239e-5	471	1026	57	0.05555555555555555	0.12101910828025478	GO:0007169	GO:BP	transmembrane receptor protein tyrosine kinase signaling pathway	18812	2764	
query_1	TRUE	3.074032303809131e-5	377	1026	49	0.04775828460038986	0.129973474801061	GO:0001525	GO:BP	angiogenesis	18812	335	
query_1	TRUE	3.1200882778901824e-5	805	1026	83	0.08089668615984405	0.1031055900621118	GO:0051130	GO:BP	positive regulation of cellular component organization	18812	13955	
query_1	TRUE	3.154457461302109e-5	1009	1026	98	0.09551656920077972	0.09712586719524281	GO:0042981	GO:BP	regulation of apoptotic process	18812	10815	
query_1	TRUE	3.219665209559378e-5	1051	1026	101	0.09844054580896686	0.0960989533777355	GO:0048699	GO:BP	generation of neurons	18812	13381	
query_1	TRUE	3.318439454052974e-5	753	1026	79	0.0769980506822612	0.1049136786188579	GO:0048878	GO:BP	chemical homeostasis	18812	13544	
query_1	TRUE	3.35049752692045e-5	378	1026	49	0.04775828460038986	0.12962962962962962	GO:0043068	GO:BP	positive regulation of programmed cell death	18812	10864	
query_1	TRUE	3.388148531817091e-5	928	1026	92	0.08966861598440545	0.09913793103448276	GO:0051094	GO:BP	positive regulation of developmental process	18812	13928	
query_1	TRUE	3.414112151338876e-5	255	1026	38	0.037037037037037035	0.14901960784313725	GO:0045229	GO:BP	external encapsulating structure organization	18812	11733	
query_1	TRUE	3.414112151338876e-5	255	1026	38	0.037037037037037035	0.14901960784313725	GO:0030198	GO:BP	extracellular matrix organization	18812	6944	
query_1	TRUE	3.8072844234359e-5	729	1026	77	0.07504873294346978	0.1056241426611797	GO:0060341	GO:BP	regulation of cellular localization	18812	15019	
query_1	TRUE	4.085059226075687e-5	155	1026	28	0.02729044834307992	0.18064516129032257	GO:0071216	GO:BP	cellular response to biotic stimulus	18812	16976	
query_1	TRUE	4.234593074425003e-5	257	1026	38	0.037037037037037035	0.14785992217898833	GO:0043062	GO:BP	extracellular structure organization	18812	10859	
query_1	TRUE	5.0886368248944996e-5	991	1026	96	0.0935672514619883	0.09687184661957618	GO:0009968	GO:BP	negative regulation of signal transduction	18812	3844	
query_1	TRUE	5.317865661081928e-5	270	1026	39	0.038011695906432746	0.14444444444444443	GO:0031589	GO:BP	cell-substrate adhesion	18812	7495	
query_1	TRUE	6.0754681895102844e-5	2499	1026	197	0.19200779727095516	0.07883153261304522	GO:0031325	GO:BP	positive regulation of cellular metabolic process	18812	7374	
query_1	TRUE	7.846755276547224e-5	598	1026	66	0.06432748538011696	0.11036789297658862	GO:0045597	GO:BP	positive regulation of cell differentiation	18812	11844	
query_1	TRUE	7.850328751737707e-5	353	1026	46	0.04483430799220273	0.13031161473087818	GO:0009611	GO:BP	response to wounding	18812	3576	
query_1	TRUE	8.094782740353934e-5	365	1026	47	0.04580896686159844	0.12876712328767123	GO:0043065	GO:BP	positive regulation of apoptotic process	18812	10861	
query_1	TRUE	9.575000245456176e-5	161	1026	28	0.02729044834307992	0.17391304347826086	GO:0050803	GO:BP	regulation of synapse structure or activity	18812	13698	
query_1	TRUE	9.691226261936749e-5	563	1026	63	0.06140350877192982	0.11190053285968028	GO:0010243	GO:BP	response to organonitrogen compound	18812	4060	
query_1	TRUE	1.0159172036051905e-4	310	1026	42	0.04093567251461988	0.13548387096774195	GO:0034329	GO:BP	cell junction assembly	18812	8862	
query_1	TRUE	1.0329166972335814e-4	133	1026	25	0.024366471734892786	0.18796992481203006	GO:0071219	GO:BP	cellular response to molecule of bacterial origin	18812	16979	
query_1	TRUE	1.1228065059429509e-4	182	1026	30	0.029239766081871343	0.16483516483516483	GO:0032496	GO:BP	response to lipopolysaccharide	18812	7879	
query_1	TRUE	1.2495656292218162e-4	193	1026	31	0.030214424951267055	0.16062176165803108	GO:0007188	GO:BP	adenylate cyclase-modulating G protein-coupled receptor signaling pathway	18812	2777	
query_1	TRUE	1.2868524068198925e-4	324	1026	43	0.04191033138401559	0.13271604938271606	GO:0023061	GO:BP	signal release	18812	6882	
query_1	TRUE	1.311438134319032e-4	279	1026	39	0.038011695906432746	0.13978494623655913	GO:0032970	GO:BP	regulation of actin filament-based process	18812	8233	
query_1	TRUE	1.7142927285324956e-4	127	1026	24	0.023391812865497075	0.1889763779527559	GO:0071222	GO:BP	cellular response to lipopolysaccharide	18812	16982	
query_1	TRUE	1.8729874792810765e-4	399	1026	49	0.04775828460038986	0.12280701754385964	GO:0051493	GO:BP	regulation of cytoskeleton organization	18812	14203	
query_1	TRUE	1.8810759032552858e-4	176	1026	29	0.028265107212475632	0.16477272727272727	GO:0043542	GO:BP	endothelial cell migration	18812	11116	
query_1	TRUE	1.8895585847902778e-4	625	1026	67	0.06530214424951267	0.1072	GO:0071345	GO:BP	cellular response to cytokine stimulus	18812	17097	
query_1	TRUE	2.3488043865333948e-4	981	1026	93	0.09064327485380116	0.09480122324159021	GO:0030182	GO:BP	neuron differentiation	18812	6936	
query_1	TRUE	2.380438682937906e-4	274	1026	38	0.037037037037037035	0.1386861313868613	GO:0050900	GO:BP	leukocyte migration	18812	13777	
query_1	TRUE	2.473597382682539e-4	47	1026	14	0.01364522417153996	0.2978723404255319	GO:0097120	GO:BP	receptor localization to synapse	18812	19045	
query_1	TRUE	2.7174369300304846e-4	356	1026	45	0.043859649122807015	0.12640449438202248	GO:0071396	GO:BP	cellular response to lipid	18812	17148	
query_1	TRUE	2.945817083436303e-4	243	1026	35	0.0341130604288499	0.1440329218106996	GO:0010631	GO:BP	epithelial cell migration	18812	4327	
query_1	TRUE	2.982298215090667e-4	369	1026	46	0.04483430799220273	0.12466124661246612	GO:0010817	GO:BP	regulation of hormone levels	18812	4482	
query_1	TRUE	3.085832116500238e-4	288	1026	39	0.038011695906432746	0.13541666666666666	GO:0007159	GO:BP	leukocyte cell-cell adhesion	18812	2754	
query_1	TRUE	3.099802934623712e-4	78	1026	18	0.017543859649122806	0.23076923076923078	GO:1902106	GO:BP	negative regulation of leukocyte differentiation	18812	22560	
query_1	TRUE	3.116704141115049e-4	430	1026	51	0.049707602339181284	0.1186046511627907	GO:0031344	GO:BP	regulation of cell projection organization	18812	7392	
query_1	TRUE	3.1701230535842163e-4	277	1026	38	0.037037037037037035	0.1371841155234657	GO:1901652	GO:BP	response to peptide	18812	22152	
query_1	TRUE	3.2184925175230095e-4	201	1026	31	0.030214424951267055	0.15422885572139303	GO:0016311	GO:BP	dephosphorylation	18812	5262	
query_1	TRUE	3.45873529002568e-4	688	1026	71	0.06920077972709551	0.10319767441860465	GO:0034097	GO:BP	response to cytokine	18812	8691	
query_1	TRUE	3.5129312564837926e-4	35	1026	12	0.011695906432748537	0.34285714285714286	GO:0030851	GO:BP	granulocyte differentiation	18812	7171	
query_1	TRUE	3.611770727824499e-4	245	1026	35	0.0341130604288499	0.14285714285714285	GO:0090132	GO:BP	epithelium migration	18812	18573	
query_1	TRUE	3.788519810740702e-4	533	1026	59	0.057504873294346975	0.11069418386491557	GO:0032989	GO:BP	cellular anatomical entity morphogenesis	18812	8249	
query_1	TRUE	3.882624837099298e-4	123	1026	23	0.022417153996101363	0.18699186991869918	GO:0001837	GO:BP	epithelial to mesenchymal transition	18812	499	
query_1	TRUE	4.1532090029959323e-4	1280	1026	113	0.1101364522417154	0.08828125	GO:0006955	GO:BP	immune response	18812	2617	
query_1	TRUE	4.269777201726233e-4	193	1026	30	0.029239766081871343	0.15544041450777202	GO:0015833	GO:BP	peptide transport	18812	5002	
query_1	TRUE	4.333207920912756e-4	639	1026	67	0.06530214424951267	0.10485133020344288	GO:1901698	GO:BP	response to nitrogen compound	18812	22185	
query_1	TRUE	4.6473099131093764e-4	2253	1026	177	0.17251461988304093	0.07856191744340879	GO:0043412	GO:BP	macromolecule modification	18812	11034	
query_1	TRUE	4.6668917439026466e-4	411	1026	49	0.04775828460038986	0.1192214111922141	GO:0048667	GO:BP	cell morphogenesis involved in neuron differentiation	18812	13350	
query_1	TRUE	4.7852888735119755e-4	363	1026	45	0.043859649122807015	0.12396694214876033	GO:0060627	GO:BP	regulation of vesicle-mediated transport	18812	15276	
query_1	TRUE	4.8786301430808055e-4	248	1026	35	0.0341130604288499	0.14112903225806453	GO:0090130	GO:BP	tissue migration	18812	18571	
query_1	TRUE	4.928029283747347e-4	424	1026	50	0.04873294346978557	0.1179245283018868	GO:0120035	GO:BP	regulation of plasma membrane bounded cell projection organization	18812	20034	
query_1	TRUE	5.012165859737203e-4	2794	1026	211	0.20565302144249512	0.07551896921975662	GO:0006950	GO:BP	response to stress	18812	2613	
query_1	TRUE	5.052559435415177e-4	282	1026	38	0.037037037037037035	0.1347517730496454	GO:0002697	GO:BP	regulation of immune effector process	18812	1222	
query_1	TRUE	5.053331798370802e-4	205	1026	31	0.030214424951267055	0.15121951219512195	GO:0001818	GO:BP	negative regulation of cytokine production	18812	480	
query_1	TRUE	5.353268578514905e-4	227	1026	33	0.03216374269005848	0.14537444933920704	GO:0042886	GO:BP	amide transport	18812	10780	
query_1	TRUE	5.70243104733532e-4	81	1026	18	0.017543859649122806	0.2222222222222222	GO:1903707	GO:BP	negative regulation of hemopoiesis	18812	23820	
query_1	TRUE	5.91026643311765e-4	145	1026	25	0.024366471734892786	0.1724137931034483	GO:1901888	GO:BP	regulation of cell junction assembly	18812	22366	
query_1	TRUE	6.609792550255094e-4	308	1026	40	0.03898635477582846	0.12987012987012986	GO:0051960	GO:BP	regulation of nervous system development	18812	14484	
query_1	TRUE	7.046471587814061e-4	37	1026	12	0.011695906432748537	0.32432432432432434	GO:0002762	GO:BP	negative regulation of myeloid leukocyte differentiation	18812	1280	
query_1	TRUE	7.135177627801763e-4	187	1026	29	0.028265107212475632	0.15508021390374332	GO:0048762	GO:BP	mesenchymal cell differentiation	18812	13438	
query_1	TRUE	7.293183745466349e-4	230	1026	33	0.03216374269005848	0.14347826086956522	GO:0043491	GO:BP	phosphatidylinositol 3-kinase/protein kinase B signal transduction	18812	11091	
query_1	TRUE	7.293790963287418e-4	241	1026	34	0.03313840155945419	0.14107883817427386	GO:0040013	GO:BP	negative regulation of locomotion	18812	10242	
query_1	TRUE	7.32028944125893e-4	2776	1026	209	0.2037037037037037	0.07528818443804035	GO:0006996	GO:BP	organelle organization	18812	2642	
query_1	TRUE	7.329594742141225e-4	783	1026	77	0.07504873294346978	0.0983397190293742	GO:0032101	GO:BP	regulation of response to external stimulus	18812	7632	
query_1	TRUE	7.667413739163381e-4	649	1026	67	0.06530214424951267	0.10323574730354391	GO:0050776	GO:BP	regulation of immune response	18812	13679	
query_1	TRUE	8.054434529692569e-4	481	1026	54	0.05263157894736842	0.11226611226611227	GO:0048589	GO:BP	developmental growth	18812	13285	
query_1	TRUE	8.358254318672336e-4	20	1026	9	0.008771929824561403	0.45	GO:0150146	GO:BP	cell junction disassembly	18812	20692	
query_1	TRUE	8.839275600686871e-4	148	1026	25	0.024366471734892786	0.16891891891891891	GO:0050866	GO:BP	negative regulation of cell activation	18812	13749	
query_1	TRUE	8.875339072690489e-4	335	1026	42	0.04093567251461988	0.1253731343283582	GO:0022407	GO:BP	regulation of cell-cell adhesion	18812	6835	
query_1	TRUE	9.094253630368735e-4	801	1026	78	0.07602339181286549	0.09737827715355805	GO:0006812	GO:BP	monoatomic cation transport	18812	2521	
query_1	TRUE	9.192410906636365e-4	408	1026	48	0.04678362573099415	0.11764705882352941	GO:0042110	GO:BP	T cell activation	18812	10315	
query_1	TRUE	0.0010041229202956401	159	1026	26	0.025341130604288498	0.16352201257861634	GO:0050807	GO:BP	regulation of synapse organization	18812	13702	
query_1	TRUE	0.001025218195375176	1496	1026	126	0.12280701754385964	0.08422459893048129	GO:0051649	GO:BP	establishment of localization in cell	18812	14317	
query_1	TRUE	0.0010407684059381497	45	1026	13	0.012670565302144249	0.28888888888888886	GO:0043087	GO:BP	regulation of GTPase activity	18812	10870	
query_1	TRUE	0.0011226855586368364	973	1026	90	0.08771929824561403	0.09249743062692703	GO:0006811	GO:BP	monoatomic ion transport	18812	2520	
query_1	TRUE	0.001149099078024289	512	1026	56	0.05458089668615984	0.109375	GO:0006954	GO:BP	inflammatory response	18812	2616	
query_1	TRUE	0.0011694364580277952	670	1026	68	0.06627680311890838	0.10149253731343283	GO:0030001	GO:BP	metal ion transport	18812	6883	
query_1	TRUE	0.0012070174779435269	224	1026	32	0.031189083820662766	0.14285714285714285	GO:0009914	GO:BP	hormone transport	18812	3808	
query_1	TRUE	0.001274535816577343	258	1026	35	0.0341130604288499	0.13565891472868216	GO:0021700	GO:BP	developmental maturation	18812	6512	
query_1	TRUE	0.001285033472311724	94	1026	19	0.018518518518518517	0.20212765957446807	GO:0007229	GO:BP	integrin-mediated signaling pathway	18812	2812	
query_1	TRUE	0.0013027369874136455	514	1026	56	0.05458089668615984	0.10894941634241245	GO:0051050	GO:BP	positive regulation of transport	18812	13899	
query_1	TRUE	0.0013441541666322566	77	1026	17	0.016569200779727095	0.22077922077922077	GO:1902414	GO:BP	protein localization to cell junction	18812	22818	
query_1	TRUE	0.0013679860066600088	593	1026	62	0.06042884990253411	0.1045531197301855	GO:0019725	GO:BP	cellular homeostasis	18812	6234	
query_1	TRUE	0.001455987411669254	162	1026	26	0.025341130604288498	0.16049382716049382	GO:0045637	GO:BP	regulation of myeloid cell differentiation	18812	11884	
query_1	TRUE	0.0014602840147323033	113	1026	21	0.02046783625730994	0.18584070796460178	GO:0032640	GO:BP	tumor necrosis factor production	18812	7963	
query_1	TRUE	0.0014602840147323033	113	1026	21	0.02046783625730994	0.18584070796460178	GO:0032680	GO:BP	regulation of tumor necrosis factor production	18812	8002	
query_1	TRUE	0.0015418184433874723	491	1026	54	0.05263157894736842	0.109979633401222	GO:0070848	GO:BP	response to growth factor	18812	16836	
query_1	TRUE	0.001630128447147067	216	1026	31	0.030214424951267055	0.14351851851851852	GO:0046879	GO:BP	hormone secretion	18812	12824	
query_1	TRUE	0.0016302391127673004	227	1026	32	0.031189083820662766	0.14096916299559473	GO:0060485	GO:BP	mesenchyme development	18812	15147	
query_1	TRUE	0.0016586666363704124	133	1026	23	0.022417153996101363	0.17293233082706766	GO:0002695	GO:BP	negative regulation of leukocyte activation	18812	1220	
query_1	TRUE	0.0016993840669367276	114	1026	21	0.02046783625730994	0.18421052631578946	GO:0051250	GO:BP	negative regulation of lymphocyte activation	18812	14045	
query_1	TRUE	0.0017280223142593061	480	1026	53	0.05165692007797271	0.11041666666666666	GO:0071363	GO:BP	cellular response to growth factor stimulus	18812	17115	
query_1	TRUE	0.0017340228460783296	250	1026	34	0.03313840155945419	0.136	GO:0050767	GO:BP	regulation of neurogenesis	18812	13670	
query_1	TRUE	0.001745667713824393	195	1026	29	0.028265107212475632	0.14871794871794872	GO:0002573	GO:BP	myeloid leukocyte differentiation	18812	1101	
query_1	TRUE	0.0017752259639727081	174	1026	27	0.02631578947368421	0.15517241379310345	GO:0002790	GO:BP	peptide secretion	18812	1308	
query_1	TRUE	0.0018055972021452042	96	1026	19	0.018518518518518517	0.19791666666666666	GO:0050806	GO:BP	positive regulation of synaptic transmission	18812	13701	
query_1	TRUE	0.0018543438012395784	164	1026	26	0.025341130604288498	0.15853658536585366	GO:0050920	GO:BP	regulation of chemotaxis	18812	13797	
query_1	TRUE	0.00199629011514992	218	1026	31	0.030214424951267055	0.14220183486238533	GO:2000146	GO:BP	negative regulation of cell motility	18812	26167	
query_1	TRUE	0.002150117533094403	641	1026	65	0.06335282651072124	0.10140405616224649	GO:0040007	GO:BP	growth	18812	10236	
query_1	TRUE	0.0021876957628932203	230	1026	32	0.031189083820662766	0.1391304347826087	GO:0060326	GO:BP	cell chemotaxis	18812	15004	
query_1	TRUE	0.002188345894278954	63	1026	15	0.014619883040935672	0.23809523809523808	GO:0045638	GO:BP	negative regulation of myeloid cell differentiation	18812	11885	
query_1	TRUE	0.0022652336917519367	696	1026	69	0.06725146198830409	0.09913793103448276	GO:0031399	GO:BP	regulation of protein modification process	18812	7414	
query_1	TRUE	0.0023509740949934177	166	1026	26	0.025341130604288498	0.1566265060240964	GO:0002685	GO:BP	regulation of leukocyte migration	18812	1210	
query_1	TRUE	0.002360898195771949	48	1026	13	0.012670565302144249	0.2708333333333333	GO:0035418	GO:BP	protein localization to synapse	18812	9332	
query_1	TRUE	0.002511462467840247	98	1026	19	0.018518518518518517	0.19387755102040816	GO:0002761	GO:BP	regulation of myeloid leukocyte differentiation	18812	1279	
query_1	TRUE	0.002630241338561106	266	1026	35	0.0341130604288499	0.13157894736842105	GO:0010975	GO:BP	regulation of neuron projection development	18812	4609	
query_1	TRUE	0.002647431594658486	117	1026	21	0.02046783625730994	0.1794871794871795	GO:1903555	GO:BP	regulation of tumor necrosis factor superfamily cytokine production	18812	23693	
query_1	TRUE	0.002647431594658486	117	1026	21	0.02046783625730994	0.1794871794871795	GO:0071706	GO:BP	tumor necrosis factor superfamily cytokine production	18812	17376	
query_1	TRUE	0.0026901670257554093	221	1026	31	0.030214424951267055	0.14027149321266968	GO:0002263	GO:BP	cell activation involved in immune response	18812	802	
query_1	TRUE	0.0028589273557907873	350	1026	42	0.04093567251461988	0.12	GO:0007015	GO:BP	actin filament organization	18812	2655	
query_1	TRUE	0.00294233348056388	580	1026	60	0.05847953216374269	0.10344827586206896	GO:0061024	GO:BP	membrane organization	18812	15620	
query_1	TRUE	0.0031101889527417903	621	1026	63	0.06140350877192982	0.10144927536231885	GO:0097435	GO:BP	supramolecular fiber organization	18812	19199	
query_1	TRUE	0.0031189001235264403	413	1026	47	0.04580896686159844	0.11380145278450363	GO:0001501	GO:BP	skeletal system development	18812	323	
query_1	TRUE	0.003168517009842494	73	1026	16	0.015594541910331383	0.2191780821917808	GO:0051336	GO:BP	regulation of hydrolase activity	18812	14111	
query_1	TRUE	0.003228525242861695	138	1026	23	0.022417153996101363	0.16666666666666666	GO:0030073	GO:BP	insulin secretion	18812	6910	
query_1	TRUE	0.0034515027330224773	517	1026	55	0.05360623781676413	0.10638297872340426	GO:0055082	GO:BP	intracellular chemical homeostasis	18812	14700	
query_1	TRUE	0.0034596373510252104	100	1026	19	0.018518518518518517	0.19	GO:0014902	GO:BP	myotube differentiation	18812	4835	
query_1	TRUE	0.0034965790094199523	159	1026	25	0.024366471734892786	0.15723270440251572	GO:0016358	GO:BP	dendrite development	18812	5283	
query_1	TRUE	0.003523073738060588	281	1026	36	0.03508771929824561	0.12811387900355872	GO:0042692	GO:BP	muscle cell differentiation	18812	10651	
query_1	TRUE	0.0035967545869718762	293	1026	37	0.036062378167641324	0.12627986348122866	GO:0006816	GO:BP	calcium ion transport	18812	2524	
query_1	TRUE	0.003644344947063626	202	1026	29	0.028265107212475632	0.14356435643564355	GO:0007162	GO:BP	negative regulation of cell adhesion	18812	2757	
query_1	TRUE	0.0037294357784012845	170	1026	26	0.025341130604288498	0.15294117647058825	GO:0030072	GO:BP	peptide hormone secretion	18812	6909	
query_1	TRUE	0.0037530555771688205	887	1026	82	0.07992202729044834	0.09244644870349493	GO:0033043	GO:BP	regulation of organelle organization	18812	8278	
query_1	TRUE	0.004046366885526016	101	1026	19	0.018518518518518517	0.18811881188118812	GO:0043534	GO:BP	blood vessel endothelial cell migration	18812	11111	
query_1	TRUE	0.004098496452774567	83	1026	17	0.016569200779727095	0.20481927710843373	GO:0034446	GO:BP	substrate adhesion-dependent cell spreading	18812	8936	
query_1	TRUE	0.004153350616434713	92	1026	18	0.017543859649122806	0.1956521739130435	GO:0051283	GO:BP	negative regulation of sequestering of calcium ion	18812	14067	
query_1	TRUE	0.004270308072101762	36	1026	11	0.010721247563352826	0.3055555555555556	GO:0051345	GO:BP	positive regulation of hydrolase activity	18812	14120	
query_1	TRUE	0.004949073914940529	333	1026	40	0.03898635477582846	0.12012012012012012	GO:0045785	GO:BP	positive regulation of cell adhesion	18812	12013	
query_1	TRUE	0.00500347673204857	51	1026	13	0.012670565302144249	0.2549019607843137	GO:0017156	GO:BP	calcium-ion regulated exocytosis	18812	5349	
query_1	TRUE	0.005125945835286201	30	1026	10	0.009746588693957114	0.3333333333333333	GO:0017158	GO:BP	regulation of calcium ion-dependent exocytosis	18812	5351	
query_1	TRUE	0.005252342924874568	346	1026	41	0.03996101364522417	0.11849710982658959	GO:0007264	GO:BP	small GTPase-mediated signal transduction	18812	2825	
query_1	TRUE	0.005498071025240655	103	1026	19	0.018518518518518517	0.18446601941747573	GO:0002040	GO:BP	sprouting angiogenesis	18812	647	
query_1	TRUE	0.00574504688289008	94	1026	18	0.017543859649122806	0.19148936170212766	GO:0051282	GO:BP	regulation of sequestering of calcium ion	18812	14066	
query_1	TRUE	0.005788120015939358	287	1026	36	0.03508771929824561	0.1254355400696864	GO:0002443	GO:BP	leukocyte mediated immunity	18812	973	
query_1	TRUE	0.00581325210706417	323	1026	39	0.038011695906432746	0.12074303405572756	GO:0043410	GO:BP	positive regulation of MAPK cascade	18812	11033	
query_1	TRUE	0.006013898169514096	207	1026	29	0.028265107212475632	0.14009661835748793	GO:0030336	GO:BP	negative regulation of cell migration	18812	7019	
query_1	TRUE	0.006118413293423313	123	1026	21	0.02046783625730994	0.17073170731707318	GO:0051017	GO:BP	actin filament bundle assembly	18812	13881	
query_1	TRUE	0.006513225569613322	219	1026	30	0.029239766081871343	0.136986301369863	GO:0002366	GO:BP	leukocyte activation involved in immune response	18812	905	
query_1	TRUE	0.006544322269454036	1999	1026	155	0.15107212475633527	0.07753876938469234	GO:0010557	GO:BP	positive regulation of macromolecule biosynthetic process	18812	4259	
query_1	TRUE	0.00755126364146626	465	1026	50	0.04873294346978557	0.10752688172043011	GO:0014070	GO:BP	response to organic cyclic compound	18812	4693	
query_1	TRUE	0.007609980485194803	638	1026	63	0.06140350877192982	0.0987460815047022	GO:0098655	GO:BP	monoatomic cation transmembrane transport	18812	19353	
query_1	TRUE	0.007868248513937347	96	1026	18	0.017543859649122806	0.1875	GO:0051208	GO:BP	sequestering of calcium ion	18812	14012	
query_1	TRUE	0.00798044078849372	125	1026	21	0.02046783625730994	0.168	GO:0061572	GO:BP	actin filament bundle organization	18812	16055	
query_1	TRUE	0.008426737379305093	640	1026	63	0.06140350877192982	0.0984375	GO:0051174	GO:BP	regulation of phosphorus metabolic process	18812	13998	
query_1	TRUE	0.008564958685442887	316	1026	38	0.037037037037037035	0.12025316455696203	GO:0002250	GO:BP	adaptive immune response	18812	789	
query_1	TRUE	0.009292285274809442	157	1026	24	0.023391812865497075	0.15286624203821655	GO:0002274	GO:BP	myeloid leukocyte activation	18812	813	
query_1	TRUE	0.0093172963879309	305	1026	37	0.036062378167641324	0.12131147540983607	GO:0051223	GO:BP	regulation of protein transport	18812	14024	
query_1	TRUE	0.009691608490780768	168	1026	25	0.024366471734892786	0.1488095238095238	GO:0060348	GO:BP	bone development	18812	15025	
query_1	TRUE	0.00991693356020454	179	1026	26	0.025341130604288498	0.1452513966480447	GO:0051056	GO:BP	regulation of small GTPase mediated signal transduction	18812	13905	
query_1	TRUE	0.009995677468957668	754	1026	71	0.06920077972709551	0.09416445623342175	GO:0051247	GO:BP	positive regulation of protein metabolic process	18812	14042	
query_1	TRUE	0.010244795411759879	39	1026	11	0.010721247563352826	0.28205128205128205	GO:0085029	GO:BP	extracellular matrix assembly	18812	18395	
query_1	TRUE	0.010880591943492819	71	1026	15	0.014619883040935672	0.2112676056338028	GO:0150115	GO:BP	cell-substrate junction organization	18812	20674	
query_1	TRUE	0.011100370337253538	20	1026	8	0.007797270955165692	0.4	GO:0090025	GO:BP	regulation of monocyte chemotaxis	18812	18484	
query_1	TRUE	0.011192660787482754	89	1026	17	0.016569200779727095	0.19101123595505617	GO:0002698	GO:BP	negative regulation of immune effector process	18812	1223	
query_1	TRUE	0.01202845521321618	203	1026	28	0.02729044834307992	0.13793103448275862	GO:0002768	GO:BP	immune response-regulating cell surface receptor signaling pathway	18812	1286	
query_1	TRUE	0.01202845521321618	203	1026	28	0.02729044834307992	0.13793103448275862	GO:0070372	GO:BP	regulation of ERK1 and ERK2 cascade	18812	16578	
query_1	TRUE	0.012266644131539897	249	1026	32	0.031189083820662766	0.1285140562248996	GO:0050867	GO:BP	positive regulation of cell activation	18812	13750	
query_1	TRUE	0.012355218412929093	2069	1026	158	0.1539961013645224	0.0763653939101015	GO:0009891	GO:BP	positive regulation of biosynthetic process	18812	3789	
query_1	TRUE	0.012365557429641058	149	1026	23	0.022417153996101363	0.15436241610738255	GO:0097529	GO:BP	myeloid leukocyte migration	18812	19231	
query_1	TRUE	0.012623791847911318	2054	1026	157	0.1530214424951267	0.07643622200584226	GO:0031328	GO:BP	positive regulation of cellular biosynthetic process	18812	7377	
query_1	TRUE	0.012876379036055657	676	1026	65	0.06335282651072124	0.09615384615384616	GO:0000278	GO:BP	mitotic cell cycle	18812	77	
query_1	TRUE	0.013357209410701723	322	1026	38	0.037037037037037035	0.11801242236024845	GO:0007409	GO:BP	axonogenesis	18812	2939	
query_1	TRUE	0.013431231165125167	1225	1026	103	0.10038986354775828	0.08408163265306122	GO:0044419	GO:BP	biological process involved in interspecies interaction between organisms	18812	11378	
query_1	TRUE	0.013766141867999068	274	1026	34	0.03313840155945419	0.12408759124087591	GO:0060562	GO:BP	epithelial tube morphogenesis	18812	15217	
query_1	TRUE	0.014835154062440351	172	1026	25	0.024366471734892786	0.14534883720930233	GO:0007611	GO:BP	learning or memory	18812	3102	
query_1	TRUE	0.014966698980300607	1288	1026	107	0.10428849902534112	0.08307453416149069	GO:0051246	GO:BP	regulation of protein metabolic process	18812	14041	
query_1	TRUE	0.015310137447716086	91	1026	17	0.016569200779727095	0.18681318681318682	GO:0051209	GO:BP	release of sequestered calcium ion into cytosol	18812	14013	
query_1	TRUE	0.015386449234558843	240	1026	31	0.030214424951267055	0.12916666666666668	GO:0009306	GO:BP	protein secretion	18812	3489	
query_1	TRUE	0.015690414596270005	517	1026	53	0.05165692007797271	0.10251450676982592	GO:0042325	GO:BP	regulation of phosphorylation	18812	10439	
query_1	TRUE	0.015890502900476094	639	1026	62	0.06042884990253411	0.09702660406885759	GO:0019220	GO:BP	regulation of phosphate metabolic process	18812	5787	
query_1	TRUE	0.01636651942885106	6153	1026	400	0.3898635477582846	0.06500893872907525	GO:0016043	GO:BP	cellular component organization	18812	5137	
query_1	TRUE	0.016412435394681214	141	1026	22	0.021442495126705652	0.15602836879432624	GO:0071674	GO:BP	mononuclear cell migration	18812	17349	
query_1	TRUE	0.01648774155142867	27	1026	9	0.008771929824561403	0.3333333333333333	GO:0043547	GO:BP	positive regulation of GTPase activity	18812	11119	
query_1	TRUE	0.016756711223139348	241	1026	31	0.030214424951267055	0.12863070539419086	GO:0035592	GO:BP	establishment of protein localization to extracellular region	18812	9427	
query_1	TRUE	0.017178709090922218	532	1026	54	0.05263157894736842	0.10150375939849623	GO:0051668	GO:BP	localization within membrane	18812	14335	
query_1	TRUE	0.018237942765520303	242	1026	31	0.030214424951267055	0.128099173553719	GO:0055074	GO:BP	calcium ion homeostasis	18812	14695	
query_1	TRUE	0.018331762567821208	4	1026	4	0.003898635477582846	1	GO:0071593	GO:BP	lymphocyte aggregation	18812	17285	
query_1	TRUE	0.018598388531769455	83	1026	16	0.015594541910331383	0.1927710843373494	GO:0010595	GO:BP	positive regulation of endothelial cell migration	18812	4293	
query_1	TRUE	0.01912342668509959	49	1026	12	0.011695906432748537	0.24489795918367346	GO:0002042	GO:BP	cell migration involved in sprouting angiogenesis	18812	649	
query_1	TRUE	0.01975848903020219	685	1026	65	0.06335282651072124	0.0948905109489051	GO:0009628	GO:BP	response to abiotic stimulus	18812	3586	
query_1	TRUE	0.019786623406681383	616	1026	60	0.05847953216374269	0.09740259740259741	GO:0098662	GO:BP	inorganic cation transmembrane transport	18812	19360	
query_1	TRUE	0.020239499025418693	220	1026	29	0.028265107212475632	0.1318181818181818	GO:0070371	GO:BP	ERK1 and ERK2 cascade	18812	16577	
query_1	TRUE	0.020688911900539876	143	1026	22	0.021442495126705652	0.15384615384615385	GO:0045619	GO:BP	regulation of lymphocyte differentiation	18812	11866	
query_1	TRUE	0.020735273935419025	93	1026	17	0.016569200779727095	0.1827956989247312	GO:0008037	GO:BP	cell recognition	18812	3133	
query_1	TRUE	0.02124246953559912	66	1026	14	0.01364522417153996	0.21212121212121213	GO:0007044	GO:BP	cell-substrate junction assembly	18812	2679	
query_1	TRUE	0.021717601617749875	133	1026	21	0.02046783625730994	0.15789473684210525	GO:0051924	GO:BP	regulation of calcium ion transport	18812	14452	
query_1	TRUE	0.022149835577459507	457	1026	48	0.04678362573099415	0.1050328227571116	GO:0050801	GO:BP	monoatomic ion homeostasis	18812	13696	
query_1	TRUE	0.02289153830938895	233	1026	30	0.029239766081871343	0.12875536480686695	GO:0007517	GO:BP	muscle organ development	18812	3033	
query_1	TRUE	0.023077966827940034	210	1026	28	0.02729044834307992	0.13333333333333333	GO:0110053	GO:BP	regulation of actin filament organization	18812	19940	
query_1	TRUE	0.023125694897627547	28	1026	9	0.008771929824561403	0.32142857142857145	GO:0098868	GO:BP	bone growth	18812	19469	
query_1	TRUE	0.02383730370477643	703	1026	66	0.06432748538011696	0.09388335704125178	GO:0098660	GO:BP	inorganic ion transmembrane transport	18812	19358	
query_1	TRUE	0.024044804583379983	94	1026	17	0.016569200779727095	0.18085106382978725	GO:0097305	GO:BP	response to alcohol	18812	19125	
query_1	TRUE	0.024143672213545582	155	1026	23	0.022417153996101363	0.14838709677419354	GO:0019722	GO:BP	calcium-mediated signaling	18812	6232	
query_1	TRUE	0.02533247198152784	294	1026	35	0.0341130604288499	0.11904761904761904	GO:0010720	GO:BP	positive regulation of cell development	18812	4396	
query_1	TRUE	0.025551016878950394	22	1026	8	0.007797270955165692	0.36363636363636365	GO:0099637	GO:BP	neurotransmitter receptor transport	18812	19728	
query_1	TRUE	0.025662407725380525	114	1026	19	0.018518518518518517	0.16666666666666666	GO:0035265	GO:BP	organ growth	18812	9234	
query_1	TRUE	0.02633076053720509	223	1026	29	0.028265107212475632	0.13004484304932734	GO:0006874	GO:BP	intracellular calcium ion homeostasis	18812	2561	
query_1	TRUE	0.02710983892956995	235	1026	30	0.029239766081871343	0.1276595744680851	GO:0002460	GO:BP	adaptive immune response based on somatic recombination of immune receptors built from immunoglobulin superfamily domains	18812	990	
query_1	TRUE	0.027608491088667236	247	1026	31	0.030214424951267055	0.12550607287449392	GO:0071692	GO:BP	protein localization to extracellular region	18812	17362	
query_1	TRUE	0.027974665536235312	320	1026	37	0.036062378167641324	0.115625	GO:0030098	GO:BP	lymphocyte differentiation	18812	6913	
query_1	TRUE	0.028073269367211915	763	1026	70	0.0682261208576998	0.09174311926605505	GO:0033365	GO:BP	protein localization to organelle	18812	8456	
query_1	TRUE	0.029194675432850013	115	1026	19	0.018518518518518517	0.16521739130434782	GO:0010634	GO:BP	positive regulation of epithelial cell migration	18812	4330	
query_1	TRUE	0.030246761119121595	168	1026	24	0.023391812865497075	0.14285714285714285	GO:0046883	GO:BP	regulation of hormone secretion	18812	12828	
query_1	TRUE	0.03074034682570974	516	1026	52	0.050682261208576995	0.10077519379844961	GO:0051129	GO:BP	negative regulation of cellular component organization	18812	13954	
query_1	TRUE	0.030874464896612962	136	1026	21	0.02046783625730994	0.15441176470588236	GO:0006470	GO:BP	protein dephosphorylation	18812	2233	
query_1	TRUE	0.031089560300752148	334	1026	38	0.037037037037037035	0.11377245508982035	GO:0002764	GO:BP	immune response-regulating signaling pathway	18812	1282	
query_1	TRUE	0.03125714182485068	463	1026	48	0.04678362573099415	0.10367170626349892	GO:0007610	GO:BP	behavior	18812	3101	
query_1	TRUE	0.03159424373191935	450	1026	47	0.04580896686159844	0.10444444444444445	GO:0055080	GO:BP	monoatomic cation homeostasis	18812	14698	
query_1	TRUE	0.0324050701213406	910	1026	80	0.07797270955165692	0.08791208791208792	GO:0009790	GO:BP	embryo development	18812	3715	
query_1	TRUE	0.03249661950584239	191	1026	26	0.025341130604288498	0.13612565445026178	GO:0002429	GO:BP	immune response-activating cell surface receptor signaling pathway	18812	959	
query_1	TRUE	0.03259977984059757	477	1026	49	0.04775828460038986	0.10272536687631027	GO:0001932	GO:BP	regulation of protein phosphorylation	18812	551	
query_1	TRUE	0.03303893917027222	781	1026	71	0.06920077972709551	0.09090909090909091	GO:0034220	GO:BP	monoatomic ion transmembrane transport	18812	8793	
query_1	TRUE	0.03601987005949065	400	1026	43	0.04191033138401559	0.1075	GO:0044089	GO:BP	positive regulation of cellular component biogenesis	18812	11274	
query_1	TRUE	0.03632719525215484	78	1026	15	0.014619883040935672	0.19230769230769232	GO:0010717	GO:BP	regulation of epithelial to mesenchymal transition	18812	4393	
query_1	TRUE	0.036472569258423744	44	1026	11	0.010721247563352826	0.25	GO:1903053	GO:BP	regulation of extracellular matrix organization	18812	23307	
query_1	TRUE	0.03705073742142557	227	1026	29	0.028265107212475632	0.1277533039647577	GO:0070588	GO:BP	calcium ion transmembrane transport	18812	16689	
query_1	TRUE	0.03757983573237371	12	1026	6	0.005847953216374269	0.5	GO:0098969	GO:BP	neurotransmitter receptor transport to postsynaptic membrane	18812	19531	
query_1	TRUE	0.03757983573237371	12	1026	6	0.005847953216374269	0.5	GO:1903540	GO:BP	establishment of protein localization to postsynaptic membrane	18812	23679	
query_1	TRUE	0.0406234756159012	945	1026	82	0.07992202729044834	0.08677248677248678	GO:0060429	GO:BP	epithelium development	18812	15095	
query_1	TRUE	0.04093715772041825	240	1026	30	0.029239766081871343	0.125	GO:0002696	GO:BP	positive regulation of leukocyte activation	18812	1221	
query_1	TRUE	0.042555851460735525	118	1026	19	0.018518518518518517	0.16101694915254236	GO:0099173	GO:BP	postsynapse organization	18812	19632	
query_1	TRUE	0.04377094215314475	1275	1026	104	0.10136452241715399	0.0815686274509804	GO:0006952	GO:BP	defense response	18812	2614	
query_1	TRUE	0.04436990014214291	265	1026	32	0.031189083820662766	0.12075471698113208	GO:0070661	GO:BP	leukocyte proliferation	18812	16738	
query_1	TRUE	0.04436990014214291	265	1026	32	0.031189083820662766	0.12075471698113208	GO:0032535	GO:BP	regulation of cellular component size	18812	7905	
query_1	TRUE	0.04507001224208721	172	1026	24	0.023391812865497075	0.13953488372093023	GO:0051651	GO:BP	maintenance of location in cell	18812	14319	
query_1	TRUE	0.046683109980633596	89	1026	16	0.015594541910331383	0.1797752808988764	GO:1903305	GO:BP	regulation of regulated secretory pathway	18812	23481	
query_1	TRUE	0.04680653780647434	524	1026	52	0.050682261208576995	0.09923664122137404	GO:0050778	GO:BP	positive regulation of immune response	18812	13681	
query_1	TRUE	0.048558347118636366	8	1026	5	0.004873294346978557	0.625	GO:0030223	GO:BP	neutrophil differentiation	18812	6968	
query_1	TRUE	0.04858845873719154	184	1026	25	0.024366471734892786	0.1358695652173913	GO:0060541	GO:BP	respiratory system development	18812	15201	
query_1	TRUE	0.049603787123029465	341	1026	38	0.037037037037037035	0.11143695014662756	GO:1903829	GO:BP	positive regulation of protein localization	18812	23913	
query_1	TRUE	1.105487904592477e-30	1478	1089	196	0.17998163452708907	0.13261163734776726	GO:0030054	GO:CC	cell junction	20093	868	
query_1	TRUE	2.3413386596251387e-21	966	1089	133	0.12213039485766758	0.13768115942028986	GO:0045202	GO:CC	synapse	20093	2140	
query_1	TRUE	6.709028510507778e-21	8969	1089	645	0.5922865013774105	0.07191437172482996	GO:0005737	GO:CC	cytoplasm	20093	309	
query_1	TRUE	1.3670443265732185e-19	5238	1089	425	0.39026629935720847	0.08113783886979763	GO:0071944	GO:CC	cell periphery	20093	2793	
query_1	TRUE	1.155228172307983e-16	4877	1089	392	0.35996326905417814	0.08037728111543982	GO:0005886	GO:CC	plasma membrane	20093	422	
query_1	TRUE	3.525074323719436e-13	1464	1089	153	0.14049586776859505	0.10450819672131148	GO:0120025	GO:CC	plasma membrane bounded cell projection	20093	3443	
query_1	TRUE	3.8522231331856683e-13	1506	1089	156	0.14325068870523416	0.10358565737051793	GO:0042995	GO:CC	cell projection	20093	1845	
query_1	TRUE	3.0017688374781708e-12	1406	1089	146	0.13406795224977044	0.10384068278805121	GO:0031982	GO:CC	vesicle	20093	1228	
query_1	TRUE	1.0407158924258184e-11	3015	1089	255	0.23415977961432508	0.0845771144278607	GO:0012505	GO:CC	endomembrane system	20093	687	
query_1	TRUE	1.9096066004440824e-11	1303	1089	136	0.1248852157943067	0.10437452033768227	GO:0031410	GO:CC	cytoplasmic vesicle	20093	1106	
query_1	TRUE	2.714342190596619e-11	1309	1089	136	0.1248852157943067	0.1038961038961039	GO:0097708	GO:CC	intracellular vesicle	20093	3137	
query_1	TRUE	5.458816585461641e-11	9464	1089	630	0.5785123966942148	0.06656804733727811	GO:0016020	GO:CC	membrane	20093	720	
query_1	TRUE	1.0063102100640657e-10	629	1089	81	0.0743801652892562	0.1287758346581876	GO:0009986	GO:CC	cell surface	20093	661	
query_1	TRUE	1.3679908139662345e-10	323	1089	53	0.048668503213957756	0.16408668730650156	GO:0043235	GO:CC	receptor complex	20093	1886	
query_1	TRUE	3.3903479263649567e-10	765	1089	91	0.08356290174471992	0.11895424836601307	GO:0043005	GO:CC	neuron projection	20093	1846	
query_1	TRUE	4.710383595119954e-10	418	1089	61	0.05601469237832874	0.145933014354067	GO:0036477	GO:CC	somatodendritic compartment	20093	1720	
query_1	TRUE	1.0639931769028284e-9	516	1089	69	0.06336088154269973	0.13372093023255813	GO:0070161	GO:CC	anchoring junction	20093	2440	
query_1	TRUE	1.6131262074049279e-9	302	1089	49	0.04499540863177227	0.16225165562913907	GO:0097447	GO:CC	dendritic tree	20093	3005	
query_1	TRUE	1.6131262074049279e-9	302	1089	49	0.04499540863177227	0.16225165562913907	GO:0030425	GO:CC	dendrite	20093	933	
query_1	TRUE	9.328610612263206e-9	812	1089	91	0.08356290174471992	0.11206896551724138	GO:0098590	GO:CC	plasma membrane region	20093	3217	
query_1	TRUE	3.1589266185000206e-8	275	1089	44	0.04040404040404041	0.16	GO:0031252	GO:CC	cell leading edge	20093	1074	
query_1	TRUE	4.2242886202769483e-8	385	1089	54	0.049586776859504134	0.14025974025974025	GO:0098794	GO:CC	postsynapse	20093	3257	
query_1	TRUE	3.274321614826761e-7	193	1089	34	0.031221303948576674	0.17616580310880828	GO:0062023	GO:CC	collagen-containing extracellular matrix	20093	2360	
query_1	TRUE	1.1875647643286915e-6	341	1089	47	0.04315886134067952	0.1378299120234604	GO:0098793	GO:CC	presynapse	20093	3256	
query_1	TRUE	6.55172399092541e-6	467	1089	56	0.051423324150596875	0.11991434689507495	GO:0098797	GO:CC	plasma membrane protein complex	20093	3259	
query_1	TRUE	7.715742464436887e-6	385	1089	49	0.04499540863177227	0.12727272727272726	GO:0015629	GO:CC	actin cytoskeleton	20093	707	
query_1	TRUE	7.717347250980258e-6	197	1089	32	0.02938475665748393	0.16243654822335024	GO:0045121	GO:CC	membrane raft	20093	2130	
query_1	TRUE	7.717347250980258e-6	197	1089	32	0.02938475665748393	0.16243654822335024	GO:0098857	GO:CC	membrane microdomain	20093	3289	
query_1	TRUE	7.884723562505531e-6	148	1089	27	0.024793388429752067	0.18243243243243243	GO:0098802	GO:CC	plasma membrane signaling receptor complex	20093	3263	
query_1	TRUE	8.3858611557363e-6	386	1089	49	0.04499540863177227	0.12694300518134716	GO:0005911	GO:CC	cell-cell junction	20093	439	
query_1	TRUE	9.357584015283167e-6	284	1089	40	0.03673094582185491	0.14084507042253522	GO:0098978	GO:CC	glutamatergic synapse	20093	3316	
query_1	TRUE	1.5426550047372664e-5	454	1089	54	0.049586776859504134	0.11894273127753303	GO:0098552	GO:CC	side of membrane	20093	3188	
query_1	TRUE	3.7245474030782793e-5	310	1089	41	0.03764921946740129	0.13225806451612904	GO:0031012	GO:CC	extracellular matrix	20093	1028	
query_1	TRUE	4.071071919437637e-5	311	1089	41	0.03764921946740129	0.13183279742765272	GO:0030312	GO:CC	external encapsulating structure	20093	927	
query_1	TRUE	4.152826555052906e-5	150	1089	26	0.023875114784205693	0.17333333333333334	GO:0030055	GO:CC	cell-substrate junction	20093	869	
query_1	TRUE	4.9515640337969385e-5	664	1089	69	0.06336088154269973	0.10391566265060241	GO:0005768	GO:CC	endosome	20093	336	
query_1	TRUE	6.075489982491042e-5	143	1089	25	0.02295684113865932	0.17482517482517482	GO:0005925	GO:CC	focal adhesion	20093	451	
query_1	TRUE	1.6874811249520998e-4	192	1089	29	0.02662993572084481	0.15104166666666666	GO:0099572	GO:CC	postsynaptic specialization	20093	3375	
query_1	TRUE	1.9666919692036284e-4	215	1089	31	0.028466483011937556	0.14418604651162792	GO:0030133	GO:CC	transport vesicle	20093	909	
query_1	TRUE	2.779942932988158e-4	19636	1089	1084	0.9954086317722681	0.05520472601344469	GO:0110165	GO:CC	cellular anatomical entity	20093	3439	
query_1	TRUE	3.6136095037231467e-4	278	1089	36	0.03305785123966942	0.12949640287769784	GO:0009897	GO:CC	external side of plasma membrane	20093	654	
query_1	TRUE	4.426972049172131e-4	201	1089	29	0.02662993572084481	0.14427860696517414	GO:0098984	GO:CC	neuron to neuron synapse	20093	3322	
query_1	TRUE	6.467342563416009e-4	420	1089	47	0.04315886134067952	0.11190476190476191	GO:0048471	GO:CC	perinuclear region of cytoplasm	20093	2231	
query_1	TRUE	8.152283758707479e-4	113	1089	20	0.018365472910927456	0.17699115044247787	GO:0001726	GO:CC	ruffle	20093	155	
query_1	TRUE	8.672525017514195e-4	1075	1089	94	0.08631772268135904	0.08744186046511628	GO:0098796	GO:CC	membrane protein complex	20093	3258	
query_1	TRUE	0.0013373632688799713	235	1089	31	0.028466483011937556	0.13191489361702127	GO:0097060	GO:CC	synaptic membrane	20093	2899	
query_1	TRUE	0.001659375795604405	181	1089	26	0.023875114784205693	0.143646408839779	GO:0032279	GO:CC	asymmetric synapse	20093	1282	
query_1	TRUE	0.00207866138184411	1232	1089	103	0.0945821854912764	0.0836038961038961	GO:0005783	GO:CC	endoplasmic reticulum	20093	348	
query_1	TRUE	0.002491923566366747	174	1089	25	0.02295684113865932	0.14367816091954022	GO:0014069	GO:CC	postsynaptic density	20093	694	
query_1	TRUE	0.0026835577142028887	57	1089	13	0.011937557392102846	0.22807017543859648	GO:0031594	GO:CC	neuromuscular junction	20093	1169	
query_1	TRUE	0.003663456622431876	235	1089	30	0.027548209366391185	0.1276595744680851	GO:0044297	GO:CC	cell body	20093	2050	
query_1	TRUE	0.003860594547451639	333	1089	38	0.03489439853076217	0.11411411411411411	GO:0030424	GO:CC	axon	20093	932	
query_1	TRUE	0.0051109848887057035	78	1089	15	0.013774104683195593	0.19230769230769232	GO:0098685	GO:CC	Schaffer collateral - CA1 synapse	20093	3243	
query_1	TRUE	0.005901062647751214	537	1089	53	0.048668503213957756	0.09869646182495345	GO:0012506	GO:CC	vesicle membrane	20093	688	
query_1	TRUE	0.006703079231648573	140	1089	21	0.01928374655647383	0.15	GO:0030027	GO:CC	lamellipodium	20093	867	
query_1	TRUE	0.007175022612565849	130	1089	20	0.018365472910927456	0.15384615384615385	GO:0070382	GO:CC	exocytic vesicle	20093	2470	
query_1	TRUE	0.007753988492713462	38	1089	10	0.009182736455463728	0.2631578947368421	GO:0048786	GO:CC	presynaptic active zone	20093	2242	
query_1	TRUE	0.008571250486034535	345	1089	38	0.03489439853076217	0.11014492753623188	GO:0099503	GO:CC	secretory vesicle	20093	3364	
query_1	TRUE	0.01004128478026439	73	1089	14	0.012855831037649219	0.1917808219178082	GO:0044309	GO:CC	neuron spine	20093	2062	
query_1	TRUE	0.013732929527298923	192	1089	25	0.02295684113865932	0.13020833333333334	GO:0031253	GO:CC	cell projection membrane	20093	1075	
query_1	TRUE	0.016720139040407797	58	1089	12	0.011019283746556474	0.20689655172413793	GO:0044306	GO:CC	neuron projection terminus	20093	2059	
query_1	TRUE	0.018123465844777215	117	1089	18	0.01652892561983471	0.15384615384615385	GO:0150034	GO:CC	distal axon	20093	3594	
query_1	TRUE	0.02130486604209622	308	1089	34	0.031221303948576674	0.11038961038961038	GO:0045177	GO:CC	apical part of cell	20093	2136	
query_1	TRUE	0.02315507780908603	69	1089	13	0.011937557392102846	0.18840579710144928	GO:0043197	GO:CC	dendritic spine	20093	1867	
query_1	TRUE	0.025083381923104723	525	1089	50	0.04591368227731864	0.09523809523809523	GO:0030659	GO:CC	cytoplasmic vesicle membrane	20093	948	
query_1	TRUE	0.02512582605988916	1813	1089	135	0.12396694214876033	0.07446221731936017	GO:0005856	GO:CC	cytoskeleton	20093	399	
query_1	TRUE	0.03851408437233272	37	1089	9	0.008264462809917356	0.24324324324324326	GO:0060076	GO:CC	excitatory synapse	20093	2264	
query_1	TRUE	0.0394879815047093	54	1089	11	0.010101010101010102	0.2037037037037037	GO:0001725	GO:CC	stress fiber	20093	154	
query_1	TRUE	0.0394879815047093	54	1089	11	0.010101010101010102	0.2037037037037037	GO:0097517	GO:CC	contractile actin filament bundle	20093	3038	
query_1	TRUE	0.04068416685609015	371	1089	38	0.03489439853076217	0.10242587601078167	GO:0000323	GO:CC	lytic vacuole	20093	53	
query_1	TRUE	0.04068416685609015	371	1089	38	0.03489439853076217	0.10242587601078167	GO:0005764	GO:CC	lysosome	20093	332	
query_1	TRUE	0.04190265884237455	1096	1089	88	0.08080808080808081	0.08029197080291971	GO:0098588	GO:CC	bounding membrane of organelle	20093	3216	
query_1	TRUE	4.184336020760263e-27	7379	1029	601	0.5840621963070942	0.08144735058951078	GO:0005515	GO:MF	protein binding	17819	1492	
query_1	TRUE	3.5474890072357847e-10	1105	1029	123	0.119533527696793	0.11131221719457013	GO:0005102	GO:MF	signaling receptor binding	17819	1277	
query_1	TRUE	3.7932079674617024e-7	980	1029	104	0.1010689990281827	0.10612244897959183	GO:0030234	GO:MF	enzyme regulator activity	17819	3856	
query_1	TRUE	6.044467428687343e-7	13373	1029	850	0.826044703595724	0.06356090630374635	GO:0005488	GO:MF	binding	17819	1480	
query_1	TRUE	8.521253575761216e-7	390	1029	54	0.052478134110787174	0.13846153846153847	GO:0005543	GO:MF	phospholipid binding	17819	1510	
query_1	TRUE	1.5254647287353065e-6	1544	1029	144	0.13994169096209913	0.09326424870466321	GO:0098772	GO:MF	molecular function regulator activity	17819	9183	
query_1	TRUE	1.2378669003996456e-5	106	1029	23	0.022351797862001945	0.2169811320754717	GO:0005178	GO:MF	integrin binding	17819	1341	
query_1	TRUE	1.4634982460882172e-5	613	1029	70	0.06802721088435375	0.11419249592169657	GO:0008289	GO:MF	lipid binding	17819	1643	
query_1	TRUE	2.0102513897174484e-5	2082	1029	177	0.17201166180758018	0.08501440922190202	GO:0043168	GO:MF	anion binding	17819	5722	
query_1	TRUE	3.663962174752707e-5	4711	1029	346	0.3362487852283771	0.07344512842284016	GO:0043167	GO:MF	ion binding	17819	5721	
query_1	TRUE	3.9067624045448946e-5	4891	1029	357	0.3469387755102041	0.07299120834185238	GO:0036094	GO:MF	small molecule binding	17819	5395	
query_1	TRUE	3.9864901759797384e-5	1611	1029	143	0.13896987366375121	0.08876474239602732	GO:0019899	GO:MF	enzyme binding	17819	3728	
query_1	TRUE	7.870367823033864e-5	1918	1029	163	0.15840621963070942	0.08498435870698644	GO:0097367	GO:MF	carbohydrate derivative binding	17819	9101	
query_1	TRUE	8.555088926970723e-5	376	1029	48	0.04664723032069971	0.1276595744680851	GO:0030695	GO:MF	GTPase regulator activity	17819	3988	
query_1	TRUE	8.555088926970723e-5	376	1029	48	0.04664723032069971	0.1276595744680851	GO:0060589	GO:MF	nucleoside-triphosphatase regulator activity	17819	8391	
query_1	TRUE	1.020148965966053e-4	47	1029	14	0.013605442176870748	0.2978723404255319	GO:0001786	GO:MF	phosphatidylserine binding	17819	249	
query_1	TRUE	5.210074574020991e-4	188	1029	29	0.028182701652089408	0.15425531914893617	GO:0005096	GO:MF	GTPase activator activity	17819	1276	
query_1	TRUE	5.491884194659531e-4	547	1029	60	0.05830903790087463	0.10968921389396709	GO:0004672	GO:MF	protein kinase activity	17819	975	
query_1	TRUE	5.962011674664933e-4	210	1029	31	0.03012633624878523	0.14761904761904762	GO:0050839	GO:MF	cell adhesion molecule binding	17819	7918	
query_1	TRUE	8.7042625594603e-4	257	1029	35	0.034013605442176874	0.13618677042801555	GO:0016791	GO:MF	phosphatase activity	17819	2982	
query_1	TRUE	0.0014993773587682756	415	1029	48	0.04664723032069971	0.11566265060240964	GO:0008047	GO:MF	enzyme activator activity	17819	1532	
query_1	TRUE	0.00208794316879993	583	1029	61	0.05928085519922255	0.10463121783876501	GO:0019900	GO:MF	kinase binding	17819	3729	
query_1	TRUE	0.0025011773732354567	1615	1029	135	0.13119533527696792	0.08359133126934984	GO:0035639	GO:MF	purine ribonucleoside triphosphate binding	17819	5351	
query_1	TRUE	0.002542502726410414	85	1029	17	0.01652089407191448	0.2	GO:0004725	GO:MF	protein tyrosine phosphatase activity	17819	1010	
query_1	TRUE	0.0027589212974389473	162	1029	25	0.024295432458697766	0.15432098765432098	GO:0004721	GO:MF	phosphoprotein phosphatase activity	17819	1007	
query_1	TRUE	0.002929845856157219	1664	1029	138	0.13411078717201166	0.0829326923076923	GO:0032555	GO:MF	purine ribonucleotide binding	17819	4453	
query_1	TRUE	0.0029579517388787476	1679	1029	139	0.13508260447035958	0.08278737343656939	GO:0032553	GO:MF	ribonucleotide binding	17819	4451	
query_1	TRUE	0.002983006114304431	341	1029	41	0.03984450923226433	0.12023460410557185	GO:0042578	GO:MF	phosphoric ester hydrolase activity	17819	5622	
query_1	TRUE	0.005618327931479651	350	1029	41	0.03984450923226433	0.11714285714285715	GO:0003779	GO:MF	actin binding	17819	361	
query_1	TRUE	0.007199936568015817	465	1029	50	0.04859086491739553	0.10752688172043011	GO:0019904	GO:MF	protein domain specific binding	17819	3733	
query_1	TRUE	0.008515804103378637	519	1029	54	0.052478134110787174	0.10404624277456648	GO:0019901	GO:MF	protein kinase binding	17819	3730	
query_1	TRUE	0.010899450338311707	2008	1029	158	0.15354713313896987	0.07868525896414343	GO:1901363	GO:MF	heterocyclic compound binding	17819	10912	
query_1	TRUE	0.01181439856848557	68	1029	14	0.013605442176870748	0.20588235294117646	GO:0072341	GO:MF	modified amino acid binding	17819	8822	
query_1	TRUE	0.012619479744928538	1758	1029	141	0.13702623906705538	0.08020477815699659	GO:0017076	GO:MF	purine nucleotide binding	17819	3134	
query_1	TRUE	0.01372288990952536	1896	1029	150	0.1457725947521866	0.07911392405063292	GO:0000166	GO:MF	nucleotide binding	17819	31	
query_1	TRUE	0.01372288990952536	1896	1029	150	0.1457725947521866	0.07911392405063292	GO:1901265	GO:MF	nucleoside phosphate binding	17819	10909	
query_1	TRUE	0.016249834214808637	18	1029	7	0.006802721088435374	0.3888888888888889	GO:0016641	GO:MF	oxidoreductase activity, acting on the CH-NH2 group of donors, oxygen as acceptor	17819	2869	
query_1	TRUE	0.01760950291544519	652	1029	63	0.061224489795918366	0.09662576687116564	GO:0016773	GO:MF	phosphotransferase activity, alcohol group as acceptor	17819	2967	
query_1	TRUE	0.01963175400489766	71	1029	14	0.013605442176870748	0.19718309859154928	GO:0019199	GO:MF	transmembrane receptor protein kinase activity	17819	3648	
query_1	TRUE	0.021723089009867	738	1029	69	0.06705539358600583	0.09349593495934959	GO:0016301	GO:MF	kinase activity	17819	2763	
query_1	TRUE	0.022226368484915247	239	1029	30	0.029154518950437316	0.12552301255230125	GO:0035091	GO:MF	phosphatidylinositol binding	17819	5271	
query_1	TRUE	0.022720672595764484	1262	1029	106	0.10301263362487852	0.08399366085578447	GO:0044877	GO:MF	protein-containing complex binding	17819	6047	
query_1	TRUE	0.027575864623701738	1607	1029	129	0.12536443148688048	0.08027380211574363	GO:0042802	GO:MF	identical protein binding	17819	5644	
query_1	TRUE	0.0336739280028229	790	1029	72	0.06997084548104957	0.09113924050632911	GO:0008092	GO:MF	cytoskeletal protein binding	17819	1544	
query_1	TRUE	0.03543860192796984	833	1029	75	0.0728862973760933	0.09003601440576231	GO:0140677	GO:MF	molecular function activator activity	17819	10572	
query_1	TRUE	0.04357844167912912	1123	1029	95	0.0923226433430515	0.08459483526268922	GO:0005215	GO:MF	transporter activity	17819	1354	
query_1	TRUE	0.049550119590809245	106	1029	17	0.01652089407191448	0.16037735849056603	GO:0019838	GO:MF	growth factor binding	17819	3710	
